id,prompt_id,text,generated
1,0,"As our world grapples with the consequences of urbanization and climate change, the concept of car-free cities emerges as a visionary solution to create sustainable urban environments. This essay explores the fundamental reasons and benefits behind advocating for cities without private car usage.

Car-free cities address the pressing issue of environmental sustainability by significantly reducing carbon emissions and air pollution. The reliance on fossil fuel-powered vehicles has long been recognized as a major contributor to climate change. By embracing alternative modes of transportation such as public transit, cycling, and walking, car-free cities become a beacon for environmental responsibility. The reduction in greenhouse gas emissions not only mitigates the impact on climate change but also contributes to cleaner air and healthier living conditions for urban dwellers.

Beyond environmental considerations, car-free cities redefine urban spaces, prioritizing pedestrian-centric designs and green infrastructure. Walkable streets, lush parks, and vibrant public spaces replace the concrete jungles dominated by cars. This shift not only enhances the aesthetic appeal of cities but also promotes physical activity, community interaction, and overall well-being. Car-free urban planning fosters a sense of connection and community that is often lost in car-dominated landscapes.

Economically, car-free cities prove to be resilient and financially sustainable. The costs associated with maintaining extensive road networks and addressing the negative externalities of traffic congestion are substantially reduced. Funds that would traditionally be allocated to accommodate private cars can be redirected towards investments in public transportation, cycling infrastructure, and innovative urban solutions. This redirection not only saves money but also stimulates economic growth by creating jobs in sustainable industries.

While the transition to car-free cities presents challenges such as public resistance and the need for meticulous planning, successful case studies worldwide demonstrate the feasibility and benefits of this visionary urban model. By learning from these examples, cities can overcome obstacles and embrace a future where the urban landscape is not dominated by cars but rather shaped by principles of sustainability, health, and community.",1
2,0,"In an era marked by rapid urbanization and the consequences of automobile dependency, the concept of car-free cities emerges as an urban utopia, promising a transformative shift in the way we live and navigate our urban environments.

Car-free cities reimagine transportation, replacing the chaos of traffic jams with efficient and sustainable alternatives. Robust public transit systems, well-connected cycling lanes, and walkable urban spaces become the backbone of a new transportation paradigm. This not only reduces the ecological impact of private cars but also addresses issues of traffic congestion and the associated stress on urban infrastructure.

The environmental benefits of car-free cities extend beyond reduced emissions. With fewer cars on the road, the need for expansive parking lots and wide roads diminishes, allowing urban planners to prioritize green spaces and sustainable architecture. This creates urban environments that are not only visually appealing but also contribute to biodiversity, air quality, and overall ecological health.

Car-free cities foster healthier lifestyles by encouraging physical activity and active transportation. The prevalence of walking and cycling as primary modes of movement promotes cardiovascular health, reduces the risk of chronic diseases, and enhances overall well-being. The shift towards a more active lifestyle, combined with reduced exposure to air pollution, creates a healthier and happier urban population.

Economically, the benefits of car-free cities are evident in the long run. While the initial investment in infrastructure and public transportation may seem substantial, the savings accrued from reduced healthcare costs, increased productivity due to decreased commute times, and the long-term sustainability of the urban model outweigh the initial expenses.

In conclusion, car-free cities embody a vision of urban living that prioritizes sustainability, health, and community. As cities around the world grapple with the challenges of rapid urbanization, embracing the concept of car-free cities offers a roadmap to a future where our urban environments are not only resilient to the impacts of climate change but also provide a high quality of life for their inhabitants.",1
3,0,"In a world where the automobile has long been synonymous with urban living, the concept of car-free cities represents a bold paradigm shift. This essay delves into the multifaceted aspects of this transformative idea, exploring the motivations, challenges, and potential benefits of reimagining urban landscapes without private cars.

The environmental imperative is a primary driver behind the push for car-free cities. Traditional transportation models, heavily reliant on internal combustion engine vehicles, contribute significantly to air pollution and greenhouse gas emissions. By embracing alternative modes of transportation and limiting or eliminating private cars, cities can curb their environmental impact, mitigating climate change and creating healthier environments for residents.

Car-free cities prioritize people over vehicles, reshaping urban spaces into pedestrian-friendly zones. This shift fosters community engagement, encourages social interactions, and enhances overall well-being. The emphasis on walkable streets, green spaces, and human-centric design transforms the urban landscape into a space that prioritizes the needs of its inhabitants, promoting a higher quality of life.

Challenges in implementing car-free cities are undeniable, ranging from public resistance to the need for significant infrastructure changes. However, successful case studies illustrate that these challenges are not insurmountable. Cities that have successfully navigated this paradigm shift provide valuable insights into overcoming obstacles, fostering community engagement, and reaping the long-term benefits of sustainable urban planning.",1
4,0,"Car-free cities represent more than just a shift in transportation; they herald a renaissance in urban living. This essay explores how the absence of private cars can redefine the urban experience, creating spaces that prioritize sustainability, health, and social connectivity.

At the core of the car-free city concept is the idea that sustainable transportation alternatives can reshape the urban fabric. Robust public transit systems, cycling networks, and pedestrian-friendly zones become the arteries of the city, facilitating movement while minimizing the environmental impact. This renaissance in transportation transforms the urban experience, making it more accessible, efficient, and environmentally friendly.

A key aspect of the renaissance is the rediscovery of public spaces. Car-free cities reclaim vast stretches of urban land that were once dedicated to parking lots and congested roads, repurposing them into green areas, communal spaces, and cultural hubs. This not only enhances the aesthetic appeal of the city but also encourages a sense of community and cultural vibrancy.

The renaissance extends to individual lifestyles, promoting healthier and more active living. With the prevalence of walkable spaces and cycling lanes, residents are encouraged to embrace physical activity as a part of their daily routines. The reduction in air pollution further contributes to improved public health outcomes, creating a positive feedback loop that enhances overall well-being.

Economically, the renaissance in urban living is characterized by increased efficiency and resource optimization. Reduced traffic congestion leads to savings in infrastructure maintenance costs, while the repurposing of urban spaces for green initiatives stimulates economic growth. The long-term benefits of a healthier, happier population also translate into reduced healthcare costs and increased productivity.

In conclusion, the transition to car-free cities signifies a renaissance in the way we conceive, build, and experience urban living. By prioritizing sustainability, health, and community, these cities offer a glimpse into a future where the urban landscape is not merely a backdrop for human activity but an integral part of a flourishing and interconnected society.",1
5,0,"Car-free cities represent more than a transportation evolution; they embody a blueprint for building resilient urban futures. This essay explores how the absence of private cars can serve as a catalyst for sustainable development, environmental stewardship, and enhanced community resilience.

The resilience of car-free cities lies in their ability to adapt to the challenges posed by climate change. Traditional urban landscapes, dominated by cars, contribute significantly to air pollution and exacerbate the urban heat island effect. By prioritizing sustainable transportation alternatives and reducing reliance on private cars, these cities become more adaptable to environmental changes, creating urban environments that can withstand the impacts of a changing climate.

Furthermore, car-free cities redefine the relationship between urban spaces and their inhabitants. The emphasis on walkable streets, cycling paths, and green spaces fosters a sense of community and connectivity. Residents become active participants in shaping their urban environment, contributing to social cohesion and creating resilient communities capable of withstanding social and economic challenges.

The economic resilience of car-free cities is evident in their efficient use of resources. By reallocating funds from car-centric infrastructure to sustainable urban development, these cities optimize their financial resources. Reduced traffic congestion and improved air quality also contribute to increased worker productivity, creating a positive economic cycle that enhances the overall resilience of the urban ecosystem.

In conclusion, car-free cities represent a blueprint for resilient urban futures by prioritizing sustainability, environmental stewardship, and community resilience. As cities worldwide face the complex challenges of the 21st century, the concept of car-free cities emerges as a viable and transformative model for building urban environments that are not only adaptable to change but actively contribute to the well-being and resilience of their inhabitants.",1
6,0,"Car-free cities not only redefine our relationship with transportation and the environment but also hold the potential to transform the social and cultural fabric of urban living. This essay explores how the absence of private cars can shape new narratives, foster community connections, and contribute to a more vibrant and culturally rich urban experience.

At the heart of this transformation is the reclamation of public spaces. Car-free cities prioritize the creation of walkable streets, green parks, and communal areas, providing platforms for cultural events, social gatherings, and artistic expressions. The absence of constant vehicular noise and pollution creates a conducive environment for cultural activities, contributing to the flourishing of art, music, and community engagement.

Furthermore, the emphasis on alternative modes of transportation fosters a sense of shared mobility and interconnectedness. Cycling and walking become not just means of transit but avenues for social interaction. The vibrancy of street life in car-free cities encourages impromptu conversations, fostering a sense of belonging and community that is often lost in car-centric urban landscapes.

Car-free cities also challenge traditional notions of urban isolation. By reducing the reliance on private cars, these cities prioritize accessibility for all residents, irrespective of age or physical ability. This inclusivity enhances social equity, creating environments where everyone can actively participate in the urban experience, thus challenging social norms and fostering a more inclusive and diverse cultural landscape.

In conclusion, the social and cultural impact of car-free cities extends far beyond transportation. By reshaping urban spaces and prioritizing community engagement, these cities create environments where social connections flourish, cultural expressions thrive, and the urban experience becomes a shared narrative for all residents. As we navigate the complexities of tomorrow's urban landscapes, the concept of car-free cities emerges as a transformative force shaping not just how we move but how we live, connect, and celebrate our shared cultural heritage.",1
7,0,"Car-free cities stand at the forefront of an urban wellness revolution, reshaping the way we perceive and prioritize health in our urban environments. This essay explores the profound impact that the absence of private cars can have on public health, well-being, and the overall quality of urban living.

One of the key contributors to the health revolution in car-free cities is the reduction in air pollution. Traditional urban landscapes, dominated by vehicular emissions, contribute significantly to respiratory issues and other health concerns. By embracing alternative transportation modes and reducing reliance on private cars, car-free cities create cleaner air, fostering an environment that promotes respiratory health and reduces the prevalence of associated diseases.

The emphasis on walkability and cycling also plays a crucial role in promoting physical activity. In car-free cities, streets become avenues for exercise, and cycling lanes encourage residents to incorporate physical activity into their daily routines. This shift towards a more active lifestyle not only reduces the risk of chronic diseases but also contributes to improved mental health, creating a holistic approach to well-being.

Moreover, car-free cities prioritize green spaces and recreational areas, providing residents with opportunities to engage in outdoor activities. Access to parks and communal areas becomes an integral part of urban planning, fostering a sense of community and creating spaces for relaxation and stress reduction. This integration of nature into the urban fabric contributes to the overall mental well-being of residents.

In conclusion, car-free cities spearhead an urban wellness revolution by addressing the environmental factors that impact public health, promoting physical activity, and prioritizing green spaces. As cities globally grapple with rising health challenges, the concept of car-free cities emerges as a proactive and transformative model, redefining urban environments as spaces that actively contribute to the well-being of their inhabitants.",1
8,0,"Car-free cities not only represent a departure from traditional transportation models but also showcase the integration of cutting-edge technology to redefine urban mobility. This essay explores how innovative technologies play a pivotal role in the success and sustainability of car-free urban living.

Smart transportation systems form the backbone of car-free cities, optimizing the efficiency of public transit, cycling networks, and pedestrian pathways. Real-time data, predictive analytics, and smart infrastructure contribute to a seamless and responsive transportation network, ensuring that residents can navigate the city effortlessly without private cars.

The rise of electric and autonomous vehicles is another technological frontier that car-free cities explore. By integrating electric vehicles into public transit and encouraging the use of autonomous shuttles, cities can provide clean, efficient, and accessible transportation options for residents. These advancements not only contribute to reduced carbon emissions but also pave the way for a more sustainable and technologically advanced urban future.

In addition to transportation, technology is harnessed to enhance the overall urban experience. Smart city initiatives encompass everything from energy-efficient buildings and waste management systems to digital connectivity and intelligent urban planning. These innovations not only contribute to the environmental sustainability of car-free cities but also create urban environments that are responsive, adaptable, and resilient in the face of evolving challenges.

In conclusion, technology serves as a catalyst for innovation in car-free cities, shaping a future where urban mobility is efficient, sustainable, and seamlessly integrated with the latest advancements. As cities continue to evolve, the integration of technology in car-free urban planning emerges as a key driver, redefining not just how we move but also how we interact with and experience our urban environments.",1
9,0,"The vision of car-free cities represents a compelling blueprint for a sustainable future, challenging traditional notions of urban living. This essay explores how the embrace of car-free principles can pave the way for cities that are not only environmentally responsible but also socially inclusive and economically resilient.

At the core of the sustainable future envisioned by car-free cities is a commitment to environmental stewardship. By significantly reducing reliance on private cars, these cities minimize carbon emissions, air pollution, and the strain on natural resources. The reimagining of urban spaces prioritizes green infrastructure, creating a harmonious balance between nature and the built environment. This commitment to sustainability extends beyond transportation, influencing every facet of urban life and shaping cities that are ecologically conscious and resilient in the face of a changing climate.

Social inclusivity becomes a hallmark of car-free urban planning. By prioritizing walkable spaces, cycling lanes, and efficient public transit, cities ensure that mobility is accessible to all residents, regardless of age, physical ability, or socioeconomic status. The emphasis on community-focused design fosters a sense of belonging and shared responsibility, creating urban environments where everyone has a stake in the city's success and well-being.

Economically, the sustainability of car-free cities is evident in the long-term savings and resilience they offer. Reduced traffic congestion minimizes the strain on infrastructure, redirecting funds towards sustainable development and creating a foundation for economic growth. The transition to car-free living not only stimulates job creation in emerging industries but also positions cities as leaders in the global movement towards sustainability, attracting investment and fostering a robust and resilient economic landscape.

In conclusion, the vision of car-free cities transcends a mere shift in transportation; it represents a holistic approach to urban living that prioritizes sustainability, inclusivity, and economic resilience. As cities grapple with the challenges of the 21st century, the adoption of car-free principles emerges as a transformative path towards creating cities of tomorrow듞ities that are not just environmentally sustainable but socially equitable and economically vibrant.",1
10,0,"The transition to car-free living heralds a cultural renaissance in urban environments, reshaping the way communities interact, engage, and define their shared identity. This essay delves into how the absence of private cars contributes to the creation of vibrant, dynamic, and culturally rich cities.

Central to this cultural renaissance is the reclaiming of urban spaces. The reduction or elimination of private cars transforms streets, once dominated by vehicular traffic, into communal areas that encourage social interaction and cultural expression. Parks, squares, and public spaces become stages for artistic performances, community events, and cultural celebrations, fostering a sense of collective identity and pride.

Car-free living also promotes alternative modes of transportation that inherently encourage exploration and discovery. Walkable streets, cycling paths, and efficient public transit systems create opportunities for residents to engage with their surroundings on a more intimate level. The vibrant street life becomes a canvas for diverse cultural experiences, from street art to local markets, creating an urban tapestry that reflects the richness of the community.

Furthermore, the emphasis on inclusivity in car-free cities ensures that cultural experiences are accessible to all residents. The reduced dominance of cars creates environments where people of all ages, backgrounds, and abilities can participate in the cultural life of the city. This inclusivity fosters a sense of cultural democracy, where everyone has the opportunity to contribute to and benefit from the collective cultural wealth of the community.

In conclusion, the cultural renaissance spurred by car-free living goes beyond transportation; it redefines the very essence of urban living. As cities become cultural hubs, shaped by the people who inhabit them, the vision of car-free living emerges as a catalyst for a new era of cultural vibrancy, diversity, and community engagement드 renaissance that positions cities as dynamic and evolving expressions of the human experience.",1
11,1,"The United States' electoral process has long been a subject of scrutiny and debate, with the Electoral College at the center of this discourse. Advocates argue that the Electoral College is a time-honored system designed to protect the interests of smaller states and prevent purely popular vote dominance. However, critics contend that it is a flawed mechanism that can lead to discrepancies between the popular vote and the final electoral outcome.

Proponents of the Electoral College highlight its ability to ensure that candidates pay attention to a diverse array of states, preventing them from focusing solely on highly populated urban areas. By providing each state with electoral votes based on its representation in Congress, the system encourages candidates to address the concerns of citizens across the nation. Additionally, supporters argue that the Electoral College upholds federalism, respecting the autonomy of individual states within the Union.

On the contrary, detractors point to instances where the winner of the popular vote did not secure the presidency, citing the elections of 1876, 1888, and, most notably, 2000. These occurrences have sparked renewed discussions about the fairness and representativeness of the Electoral College. Critics argue that the winner-takes-all approach in most states can lead to a distorted electoral outcome, where a candidate could win the presidency without securing the majority of the popular vote.

The debate over whether the Electoral College ""works"" is complex, touching on issues of representation, fairness, and the balance of power within the United States. As citizens continue to grapple with the implications of this electoral system, the conversation persists on whether reforms or alternatives are necessary to better align the electoral process with the democratic principles upon which the nation was founded.",1
12,1,"The Electoral College, a mechanism established by the framers of the U.S. Constitution, has endured for centuries. However, as the nation evolves, questions about its efficacy in modern times become increasingly relevant. Does the Electoral College work as intended, or is it time to reconsider its role in shaping the American democratic process?

Proponents argue that the Electoral College continues to serve its purpose by ensuring that every state has a voice in electing the president. By allocating electoral votes based on congressional representation, the system prevents candidates from concentrating solely on densely populated urban areas. This, they assert, preserves the interests of smaller states and fosters a more balanced and representative democracy.

On the other hand, critics point to the potential for discrepancies between the popular vote and the electoral outcome. They argue that this misalignment can undermine the democratic principle of majority rule. The winner-takes-all approach in most states, they contend, can result in a scenario where a candidate secures the presidency without securing the majority of individual votes드 situation that challenges the fundamental tenets of democracy.

The question of whether the Electoral College works hinges on one's perspective on democratic ideals, representation, and the evolving nature of American society. Some argue for its preservation as a safeguard against potential pitfalls of direct democracy, while others advocate for reforms or alternative systems to ensure that the nation's electoral process aligns more closely with the principles of fairness, representation, and the democratic will of the people. As the United States grapples with these considerations, the future of the Electoral College remains a pivotal topic in the ongoing conversation about the nation's democratic framework.",1
13,1,"The Electoral College, established by the Founding Fathers as a compromise between direct popular vote and congressional selection, has been a cornerstone of the U.S. presidential election process. Proponents argue that this system fosters stability, protects the interests of smaller states, and ensures a methodical approach to electing the nation's leader. However, as debates surrounding its functionality persist, questions arise: does the Electoral College work as intended, or does it warrant reconsideration in the context of contemporary democracy?

Advocates of the Electoral College emphasize its ability to prevent purely popular vote domination, asserting that this mechanism forces candidates to appeal to a broad spectrum of states and diverse demographics. They contend that the winner-takes-all approach in most states prevents highly populated urban areas from wielding disproportionate influence, thereby maintaining a balance between rural and urban interests. Additionally, supporters argue that the Electoral College promotes the stability of the two-party system, discouraging the proliferation of multiple candidates and potential political fragmentation.

Conversely, critics highlight instances where the candidate who wins the popular vote fails to secure the presidency. The elections of 1876, 1888, and 2000 have been focal points for discussions on the Electoral College's potential shortcomings. Detractors argue that this system can distort the democratic principle of majority rule, creating scenarios where a candidate can be elected without securing the most individual votes드 notion that raises questions about the system's alignment with modern democratic values.

As the nation grapples with these debates, it becomes apparent that the efficacy of the Electoral College is deeply intertwined with the evolving nature of American democracy. Understanding its historical context, evaluating its impact on representation, and considering potential reforms or alternatives are essential components of a nuanced conversation about the role of the Electoral College in shaping the democratic fabric of the United States.",1
14,1,"The Electoral College, a mechanism deeply embedded in the U.S. Constitution, has guided the nation through countless presidential elections. However, as the United States evolves and the complexities of modern democracy come to light, the question of whether the Electoral College still serves the nation's best interests takes center stage. Does this time-honored system work seamlessly within the context of 21st-century democracy, or is it a relic that requires reevaluation?

Supporters of the Electoral College contend that it serves as a crucial guardian of federalism and state interests. By allocating electoral votes based on congressional representation, the system prevents densely populated states from overshadowing the concerns of smaller states. This approach, they argue, ensures that presidential candidates must address a diverse array of issues and consider the needs of citizens throughout the nation. Additionally, proponents assert that the Electoral College maintains stability by discouraging the rise of numerous candidates, thereby preventing political fragmentation and fostering a two-party system.

However, critics raise concerns about the potential for discrepancies between the popular vote and the electoral outcome. The winner-takes-all approach in most states, they argue, can lead to situations where a candidate secures the presidency without securing the majority of individual votes드 scenario that challenges the fundamental democratic principle of majority rule. Detractors advocate for a reevaluation of the system, exploring alternative approaches that better align with the evolving expectations of a democratic society.

As the United States navigates the intricate terrain of modern democracy, the role of the Electoral College remains a point of contention and reflection. Evaluating its impact on representation, assessing its compatibility with democratic ideals, and considering potential reforms are essential aspects of the ongoing conversation about the future of the nation's electoral process.",1
15,1,"The Electoral College, conceived by the framers of the U.S. Constitution, has stood the test of time as the method for electing the nation's president. However, the efficacy of this system in today's democratic landscape is a subject of ongoing debate. As citizens grapple with the question of whether the Electoral College works, it is imperative to explore its nuances, historical context, and impact on the democratic principles upon which the nation was founded.

Proponents argue that the Electoral College serves as a safeguard against the potential pitfalls of a pure popular vote system. By allocating electoral votes based on congressional representation, the system prevents densely populated urban areas from dictating election outcomes. This, supporters contend, ensures that presidential candidates must address the concerns of citizens across diverse geographic and demographic spectrums. Additionally, advocates assert that the Electoral College maintains political stability by discouraging the rise of numerous candidates, thereby fostering a two-party system.

Critics, however, point to instances where the winner of the popular vote did not secure the presidency, raising questions about the system's alignment with democratic values. The elections of 1876, 1888, and 2000 have become touchpoints in discussions about the potential discrepancies between the popular vote and the electoral outcome. Detractors argue that the winner-takes-all approach in most states can distort the democratic principle of majority rule, potentially disenfranchising voters whose preferred candidate did not win their state.

As the United States grapples with the complexities of its electoral process, the conversation around the Electoral College extends beyond its historical role. It prompts citizens to consider whether this system remains a relevant and effective means of ensuring fair and representative presidential elections in the 21st century. Evaluating its strengths, weaknesses, and potential alternatives is crucial for fostering a more informed and participatory democratic society.",1
16,1,"The Electoral College, a product of the Constitutional Convention, has shaped the U.S. presidential election process for centuries. However, in an era characterized by rapid societal changes and evolving democratic norms, the question of whether the Electoral College effectively serves the nation's democratic ideals becomes increasingly pertinent. This essay explores the need for modernization and the potential advantages of exploring alternatives to the Electoral College.

Supporters of the Electoral College argue that it promotes stability, prevents the dominance of highly populated urban areas, and upholds the principles of federalism. However, critics emphasize instances where the winner of the popular vote did not secure the presidency, raising concerns about the system's alignment with the democratic value of majority rule. This discrepancy, they contend, warrants a reconsideration of the Electoral College's role in the democratic process.

Exploring alternative systems, such as the National Popular Vote Interstate Compact or a direct popular vote, becomes essential in this context. The National Popular Vote Interstate Compact proposes an agreement among states to allocate their electoral votes to the winner of the national popular vote, ensuring that the candidate with the most individual votes becomes the president. Advocates argue that this approach maintains the Electoral College framework while addressing some of its perceived shortcomings.

A direct popular vote, on the other hand, eliminates the intermediary step of electoral votes and allows citizens to directly choose the president based on the total popular vote. Proponents of this system argue that it simplifies the electoral process, ensures that every vote carries equal weight, and aligns more closely with the democratic principle of majority rule.

As the nation continues to grapple with the question of whether the Electoral College works effectively in the 21st century, exploring these alternative systems becomes a critical aspect of the ongoing dialogue about the future of American democracy. By considering modernization and potential reforms, citizens can actively contribute to shaping an electoral process that aligns with contemporary democratic values.",1
17,1,"The Electoral College, designed by the framers of the U.S. Constitution, has been a central feature of the American electoral process. Positioned as a compromise between direct popular vote and congressional selection, its role in shaping the democratic fabric of the nation has been both praised and criticized. This essay delves into the dichotomy surrounding the Electoral College, examining its potential as a balancing act and the concerns that label it a democratic dilemma.

Proponents argue that the Electoral College acts as a balancing mechanism, ensuring that candidates must appeal to a broad spectrum of states, large and small. By allocating electoral votes based on congressional representation, the system prevents densely populated urban areas from dominating the electoral landscape. This approach, supporters contend, maintains a balance between rural and urban interests, fostering a more representative democracy.

However, the Electoral College has faced criticism for instances where the winner of the popular vote did not secure the presidency. Detractors highlight the elections of 1876, 1888, and 2000 as examples where the system seemed to contradict the democratic principle of majority rule. This incongruity raises concerns about the Electoral College's ability to accurately reflect the will of the people and whether it remains a fitting model for contemporary democratic aspirations.

The ongoing debate over the efficacy of the Electoral College reflects a broader conversation about the delicate balance between state representation and the popular will. As citizens grapple with questions about the fairness, representation, and functionality of the Electoral College, they contribute to a nuanced discussion about its role in navigating the complexities of the American democratic experiment.",1
18,1,"The Electoral College, a cornerstone of the U.S. electoral process, has been a subject of ongoing debate, prompting citizens to consider whether it truly reflects the democratic principles that underpin the nation. As the United States strives for a more inclusive and representative democracy, this essay explores the potential advantages of reimagining the electoral system to better align with the values of fairness, equality, and the direct will of the people.

Proponents of reimagining the electoral system often cite concerns about the winner-takes-all approach in most states, which can lead to discrepancies between the popular vote and the electoral outcome. The elections of 1876, 1888, and 2000 have become emblematic of these concerns, sparking discussions about the need for a more direct representation of the people's will in electing the president.

Exploring alternatives, such as a direct popular vote or proportional allocation of electoral votes, becomes crucial in the pursuit of a more inclusive system. A direct popular vote, in which the president is elected based on the total popular vote, ensures that every vote carries equal weight, addressing concerns about the winner-takes-all method. Proportional allocation, on the other hand, distributes electoral votes in proportion to the popular vote in each state, providing a more nuanced reflection of citizens' preferences.

By reimagining the electoral system, citizens can actively participate in shaping a democracy that better reflects the diverse voices and opinions within the nation. As the nation grapples with the complexities of its electoral process, the conversation about reimagining democracy becomes a pivotal aspect of the ongoing quest for a more inclusive and representative government.",1
19,1,"The Electoral College, ingrained in the U.S. Constitution, has been a defining feature of American presidential elections. However, as the world becomes increasingly interconnected, questions arise about the global impact of the Electoral College. This essay explores how the system's unique dynamics influence international perceptions of American democracy, shedding light on both its merits and potential drawbacks.

Proponents argue that the Electoral College ensures that presidential candidates must appeal to a diverse array of states, preventing an undue focus on highly populated urban areas. This, they contend, maintains a balance between rural and urban interests and prevents the dominance of major population centers. Supporters further assert that the system fosters stability by discouraging the rise of numerous candidates, thereby maintaining a two-party political landscape.

On the global stage, the Electoral College can be seen as a unique expression of American federalism. It underscores the importance of states within the union and showcases a nuanced approach to representation. However, the winner-takes-all approach in most states has drawn criticism, particularly when it leads to a divergence between the popular vote and the electoral outcome. This incongruity, evident in the elections of 1876, 1888, and 2000, has the potential to raise eyebrows among international observers who may question the alignment of the system with democratic principles.

As the United States navigates its role in a globalized world, the Electoral College becomes a focal point in discussions about the nature of American democracy. How the system reflects the will of the people and whether it serves as a model for other nations undergoing democratic transitions are critical considerations in the ongoing dialogue about the global impact of the Electoral College.",1
20,1,"The Electoral College, an age-old institution dating back to the drafting of the U.S. Constitution, finds itself at the intersection of tradition and the rapidly evolving landscape of the digital age. This essay examines how the Electoral College adapts듪r struggles to adapt듮o the challenges and opportunities presented by modern technology, considering its impact on the democratic process and citizens' engagement.

Proponents argue that the Electoral College, with its emphasis on state representation, acts as a stabilizing force in the face of technological advancements. By preventing a narrow focus on urban areas, the system ensures that candidates must address the concerns of citizens across diverse geographic and demographic spectrums. Additionally, supporters contend that the Electoral College's role in maintaining a two-party system contributes to political stability, even as the digital age introduces new dynamics.

However, the digital age brings to light potential drawbacks of the Electoral College. The winner-takes-all approach in most states has faced criticism, especially in the context of social media and the rapid dissemination of information. Instances where the winner of the popular vote did not secure the presidency, as seen in the elections of 1876, 1888, and 2000, can be amplified through digital platforms, leading to heightened scrutiny and calls for reform.

As citizens increasingly engage with the democratic process through digital means, the Electoral College faces the challenge of remaining relevant and effective. The tension between tradition and innovation becomes a central theme in the ongoing discourse about the future of the American electoral system, prompting citizens to consider how the system can evolve to meet the demands of the digital age while upholding the principles of representation and fairness.",1
21,1,"In an era defined by digital connectivity and unprecedented access to information, the role of the Electoral College in shaping the American democratic process faces new challenges. This essay explores the impact of the digital age on the Electoral College, considering both its adaptability to the evolving landscape and the concerns that arise in an era of instant communication and global interconnectedness.

Proponents argue that the Electoral College, with its focus on state representation, remains a crucial element in preventing the dominance of major population centers. By requiring candidates to address the concerns of citizens across diverse states, the system fosters a more balanced and representative democracy. Supporters also contend that the Electoral College contributes to political stability by discouraging the rise of numerous candidates and maintaining a two-party system, a stabilizing factor in the digital age.

However, the digital age accentuates potential drawbacks of the Electoral College. The winner-takes-all approach in most states, when combined with the rapid dissemination of information through digital platforms, can magnify instances where the winner of the popular vote did not secure the presidency. The elections of 1876, 1888, and 2000, with their discrepancies between the popular vote and the electoral outcome, become focal points of discussion in a digital democracy where information travels instantaneously.

As the nation grapples with the challenges and opportunities presented by the digital age, the Electoral College finds itself at the nexus of tradition and innovation. Citizens are compelled to consider whether the system, designed in a different era, can effectively navigate the complexities of contemporary digital democracy. The ongoing dialogue about the role of the Electoral College becomes not only a constitutional debate but also a reflection of how the United States adapts its democratic institutions to the demands of the 21st century.",1
22,1,"In the age of digital democracy, characterized by instantaneous communication and unprecedented access to information, the role of the Electoral College takes on new dimensions. This essay delves into the challenges and opportunities presented by the digital era, examining how the Electoral College navigates the evolving landscape of information dissemination, public discourse, and global interconnectedness.

Proponents argue that the Electoral College, with its emphasis on state representation, remains a vital component in preventing the dominance of highly populated urban areas. By requiring candidates to appeal to a broad spectrum of states, the system contributes to a more balanced and geographically representative democracy. Supporters also contend that the Electoral College fosters political stability by discouraging the rise of numerous candidates and maintaining a two-party system, factors that provide a sense of continuity in the face of rapid digital changes.

However, the digital age brings to light potential pitfalls of the Electoral College. The winner-takes-all approach in most states, when amplified by the swift dissemination of information through digital platforms, can accentuate instances where the winner of the popular vote did not secure the presidency. Elections like those in 1876, 1888, and 2000, marked by disparities between the popular vote and the electoral outcome, become heightened concerns in a digital democracy where scrutiny and public discourse unfold at an unprecedented pace.

As the United States grapples with the challenges posed by the digital age, citizens are prompted to evaluate how the Electoral College aligns with the values of representation, fairness, and the democratic will of the people. The ongoing conversation about the role of the Electoral College becomes not only a constitutional discourse but also a reflection of how the nation adapts its democratic institutions to the dynamics of the 21st century.",1
23,1,"The Information Age has ushered in an era of unprecedented connectivity and access to information, reshaping the dynamics of democracy. This essay explores the relationship between the Electoral College and the challenges and opportunities presented by the Digital Age, delving into how the system navigates the complexities of instant communication, information overload, and the interconnected global landscape.

Proponents of the Electoral College argue that it remains a crucial element in preserving the principles of federalism and state representation. By requiring candidates to address the concerns of citizens across diverse states, the system promotes a more geographically balanced democracy. Additionally, supporters contend that the Electoral College contributes to political stability by discouraging the rise of numerous candidates and maintaining a two-party system, providing a sense of continuity in the rapidly changing digital landscape.

However, the Digital Age magnifies potential drawbacks of the Electoral College. The winner-takes-all approach in most states, coupled with the swift dissemination of information through digital platforms, can spotlight instances where the winner of the popular vote did not secure the presidency. Elections like those of 1876, 1888, and 2000, marked by discrepancies between the popular vote and the electoral outcome, become focal points of discussion in a digital democracy where information travels at the speed of light.

As citizens grapple with the implications of digital advancements, the conversation about the role of the Electoral College becomes a dynamic exploration of how the system adapts to the demands of the Information Age. The ongoing dialogue prompts reflection on whether the Electoral College remains a relevant and effective mechanism for ensuring representation, fairness, and the democratic will of the people in an era defined by instant communication and global connectivity.",1
24,1,"In the age of information abundance, the Electoral College finds itself at the forefront of discussions about the adaptability of democratic institutions to the challenges posed by the Digital Age. This essay delves into the evolving role of the Electoral College in an era characterized by instant communication, social media, and the global spread of information, examining both its resilience and potential shortcomings.

Proponents argue that the Electoral College continues to serve a vital role in preserving state representation and preventing the dominance of major population centers. By requiring candidates to appeal to a broad spectrum of states, the system promotes a geographically balanced democracy. Supporters further contend that the Electoral College contributes to political stability by discouraging the rise of numerous candidates and maintaining a two-party system, factors that provide continuity in the face of the rapid information dissemination characteristic of the Digital Age.

However, the Digital Age exposes potential vulnerabilities of the Electoral College. The winner-takes-all approach in most states, when amplified by the swift spread of information through digital platforms, can accentuate instances where the winner of the popular vote did not secure the presidency. Elections like those in 1876, 1888, and 2000, marked by disparities between the popular vote and the electoral outcome, become heightened concerns in a digital democracy where public scrutiny is immediate and widespread.

As the United States navigates the complexities of the Digital Age, citizens are prompted to critically assess the role of the Electoral College in shaping a democracy that aligns with contemporary values. The ongoing conversation becomes a dynamic exploration of how the system adapts to the demands of an era defined by instant communication, information overload, and global connectivity.",1
25,1,"In the age of social media, the intersection between the Electoral College and the digital landscape takes center stage in shaping political discourse and influencing public opinion. This essay explores the dynamic relationship between the Electoral College and social media, examining how the system navigates the opportunities and challenges presented by the digital realm and its impact on the democratic process.

Proponents argue that the Electoral College remains a crucial safeguard in preserving state representation and preventing the dominance of major population centers. By requiring candidates to appeal to a diverse array of states, the system promotes a balanced and representative democracy. Supporters also contend that the Electoral College contributes to political stability by discouraging the rise of numerous candidates and maintaining a two-party system, factors that play a role in the context of social media's influence on public opinion.

However, the role of social media introduces new dynamics and challenges for the Electoral College. The rapid spread of information and the amplification of certain narratives can impact public perception and potentially sway election outcomes. Instances where the winner of the popular vote did not secure the presidency, such as those in 1876, 1888, and 2000, can become focal points of discussion in the digital age, where information is disseminated instantaneously and has a wide-reaching influence.

As citizens engage with political discussions on social media platforms, the conversation about the Electoral College becomes intertwined with the broader issues of misinformation, digital influence, and the evolving nature of political communication. The ongoing dialogue prompts reflection on how the Electoral College can navigate the challenges presented by social media while upholding the principles of representation, fairness, and the democratic will of the people.",1
26,1,"The advent of social media has revolutionized how information is disseminated, public discourse unfolds, and political opinions are shaped. In this digital age, the role of the Electoral College undergoes a transformation influenced by the dynamics of social media. This essay explores the evolving relationship between the Electoral College and social media, examining how the system adapts to the opportunities and challenges presented by the digital realm.

Proponents argue that the Electoral College remains a crucial component in preserving state representation and preventing the dominance of major population centers. By requiring candidates to address the concerns of citizens across diverse states, the system promotes a more balanced and representative democracy. Supporters also contend that the Electoral College contributes to political stability by discouraging the rise of numerous candidates and maintaining a two-party system, aspects that gain significance in the context of social media's influence on public opinion.

However, social media introduces new considerations for the Electoral College. The rapid dissemination of information and the potential for narratives to be amplified or distorted can impact public perceptions and influence election outcomes. Instances where the winner of the popular vote did not secure the presidency, as seen in the elections of 1876, 1888, and 2000, become subject to heightened scrutiny in the digital age, where misinformation and digital influence play a significant role.

As citizens participate in the digital discourse on social media platforms, the conversation about the Electoral College becomes intertwined with broader discussions about information integrity, digital democracy, and the evolving nature of political communication. The ongoing dialogue encourages reflection on how the Electoral College can effectively navigate the challenges and opportunities presented by social media while upholding the democratic principles of representation, fairness, and the collective will of the people.",1
27,1,"As we step into the cyber era, the Electoral College encounters a myriad of challenges and opportunities posed by the digital landscape. This essay delves into the evolving relationship between the Electoral College and the cyber age, exploring how the system adapts to the complexities of cybersecurity, information warfare, and the reshaping of political discourse in the digital realm.

Proponents argue that the Electoral College remains a crucial pillar in preserving state representation and preventing the domination of major population centers. By necessitating candidates to engage with diverse states, the system aims to maintain a balanced and representative democracy. Supporters also contend that the Electoral College contributes to political stability by discouraging the rise of numerous candidates and maintaining a two-party system, factors that gain significance in the context of cybersecurity concerns in the digital age.

However, the rise of cyber threats introduces new dimensions of vulnerability for the Electoral College. Concerns about election interference, disinformation campaigns, and hacking highlight potential challenges in safeguarding the integrity of the electoral process. Instances where the winner of the popular vote did not secure the presidency, such as in the elections of 1876, 1888, and 2000, become amplified concerns in an era where cybersecurity is paramount.

As citizens grapple with the implications of a digital democracy, the conversation about the Electoral College extends beyond representation and fairness to address fundamental issues of election security. The ongoing dialogue prompts reflection on how the Electoral College can navigate the challenges posed by the cyber era while upholding democratic principles and ensuring the sanctity of the electoral process.",1
28,1,"The cyber age has ushered in a new era of possibilities and challenges for democratic institutions, and the Electoral College stands at the forefront of this transformation. This essay explores the intersection of the Electoral College and the cyber age, examining how the system adapts to the evolving dynamics of digital communication, cybersecurity, and the reshaping of political landscapes.

Proponents argue that the Electoral College remains essential in preserving state representation and preventing the undue influence of major population centers. By requiring candidates to engage with a diverse array of states, the system aims to maintain a balanced and representative democracy. Supporters also contend that the Electoral College contributes to political stability by discouraging the rise of numerous candidates and maintaining a two-party system, considerations that take on added significance in the context of cybersecurity challenges.

However, the cyber age introduces new complexities and vulnerabilities for the Electoral College. Concerns about election interference, disinformation campaigns, and cyber threats underscore the importance of securing the electoral process. Instances where the winner of the popular vote did not secure the presidency, as observed in the elections of 1876, 1888, and 2000, become heightened concerns in an era where safeguarding the integrity of elections is paramount.

As citizens navigate the digital frontiers of democracy, the conversation about the Electoral College extends beyond its traditional roles to address fundamental questions of election security and adaptability in the cyber age. The ongoing dialogue prompts reflection on how the Electoral College can reinvent itself to meet the challenges and opportunities presented by the digital era while upholding the core tenets of representation, fairness, and the democratic will of the people.",1
29,1,"In the cyber age, the Electoral College confronts the complex challenge of information warfare, which has the potential to reshape political narratives and influence election outcomes. This essay explores the intricate relationship between the Electoral College and information warfare in the cyber age, examining how the system navigates the nuances of disinformation, manipulation, and the safeguarding of democratic principles.

Proponents argue that the Electoral College remains integral in preserving state representation and preventing the disproportionate influence of major population centers. By compelling candidates to address the concerns of diverse states, the system aims to uphold a balanced and representative democracy. Supporters also maintain that the Electoral College contributes to political stability by discouraging the rise of numerous candidates and maintaining a two-party system듞onsiderations that take on added significance in the context of information warfare threats.

However, information warfare poses new challenges for the Electoral College. The rapid dissemination of misinformation, targeted manipulation, and the potential for foreign interference raise concerns about the integrity of the electoral process. Instances where the winner of the popular vote did not secure the presidency, as witnessed in the elections of 1876, 1888, and 2000, become amplified concerns in an era where the battle for information shapes public perceptions and influences voter decisions.

As citizens grapple with the implications of information warfare in the cyber age, the conversation about the Electoral College becomes inseparable from discussions about safeguarding the democratic process. The ongoing dialogue prompts reflection on how the Electoral College can adapt to the challenges posed by information warfare while upholding the democratic ideals of representation, fairness, and the collective will of the people.",1
30,1,"In the cyber age, the Electoral College faces the formidable challenge of information warfare, a dynamic force that can shape political narratives and impact the democratic process. This essay delves into the resilience of the Electoral College in response to information warfare, examining how the system navigates the complexities of disinformation, manipulation, and the protection of democratic principles.

Proponents argue that the Electoral College remains essential for preserving state representation and preventing the domination of major population centers. By requiring candidates to engage with diverse states, the system aims to maintain a balanced and representative democracy. Supporters also assert that the Electoral College contributes to political stability by discouraging the proliferation of numerous candidates and maintaining a two-party system듞onsiderations that gain significance in the context of information warfare threats.

However, information warfare introduces new dimensions of vulnerability for the Electoral College. The rapid spread of misinformation, targeted manipulation, and the potential for external interference raise concerns about the integrity of the electoral process. Instances where the winner of the popular vote did not secure the presidency, as observed in the elections of 1876, 1888, and 2000, become amplified concerns in an era where information warfare can influence public perceptions and electoral outcomes.

As citizens confront the challenges of information warfare in the cyber age, the conversation about the Electoral College extends beyond traditional roles to address critical questions of resilience and adaptability. The ongoing dialogue prompts reflection on how the Electoral College can effectively respond to information warfare, safeguarding the democratic process while upholding core values of representation, fairness, and the collective democratic will.",1
